model_name,parameter,estimate,std_err,lci,uci
Model 18.a,AI process error,0.14820173771868164,0.10412072405783628,0.037396632887178295,0.5873190543410484
Model 18.a,SBS process error,1.1346819562897412,0.29748354944605865,0.6787528306858043,1.8968659631645812
Model 18.a,EBS Slope process error,0.19518507597542953,0.13736239200628766,0.04913711113055245,0.7753246580230099
