model_name,year,biomass,M,OFL,maxABC
MpoolPE_2024,2024,19493.54107389751,0.03,584.8062322169253,438.604674162694
M22_2024,2024,21018.46132757185,0.03,630.5538398271555,472.9153798703666
