model_name,year,biomass,M,OFL,maxABC
M22_2024,2024,21018.46132757185,0.03,630.5538398271555,472.9153798703666
